"","nombre","peso","capacidad","potencia","opiniones","precio","alto","ancho","profundidad"
"1","
                
                    
                    
                

                
                    
                    
                        ECOVACS Robotics DEEBOT 605 - Robot Aspirador con Limpieza Sistemática y Control Mediante APP, Blanco
                    
                

                
                    
                    
                
            ",3.4,2.34011627906977,571.671101694915,27,219.98,33.2,33.2,7.9
"2","
                
                    
                    
                

                
                    
                    
                        Taurus Ultimate Lithium - Aspirador escoba (filtración HEPA, 22.2 V, deposito con 650 ml, filtraje Cyclone System)
                    
                

                
                    
                    
                
            ",2,0.65,571.671101694915,519,99,21.5,22.5,107
"3","
                
                    
                    
                

                
                    
                    
                        Rowenta Compact Power Cyclonic RO3753EA - Aspirador sin bolsa, sistema ciclónico sin bolsa, depósito 1.5 L, cepillo parquet y boquilla 2 en 1 para ranuras, 79 dB(A), fácil de limpiar
                    
                

                
                    
                    
                
            ",6.8,1.5,750,1582,78.99,27.5,40.9,29
"4","
                
                    
                    
                

                
                    
                    
                        Kärcher Aspiradores multiuso WD 3 (1.629-800.0)
                    
                

                
                    
                    
                
            ",5.8,2.34011627906977,1000,888,65.72,34,38.8,50.3
"5","
                
                    
                    
                

                
                    
                    
                        Cecotec Conga Duostick Easy - Aspirador ciclónico vertical 2 en 1 (escoba y de mano sin bolsas, 800 W, Filtro HEPA) color negro y verde
                    
                

                
                    
                    
                
            ",1.28,2.34011627906977,800,2103,26.99,25,65,14
"6","
                
                    
                    
                

                
                    
                    
                        Cecotec Wet&Dry Aspirador de sólidos y líquidos de 1400 W, HEPA y Filtro de Agua, regulador de Potencia, función sopladora, Capacidad 15 l, Multicolor
                    
                

                
                    
                    
                
            ",6.96,15,1400,511,84.0767045454545,40,40,52
"7","
                
                    
                    
                

                
                    
                    
                        Aspiradora de Mano Sin Cable, HIKEREN Aspirador Mano Potente, 6000PA, Aspiradora Sin Cable con Filtro de Acero Inoxidable, Luz LED, Batería de 2600mAh, Tecnología Ciclónica, 3 Boquillas
                    
                

                
                    
                    
                
            ",2.57967567567568,2.34011627906977,100,142,49.96,35,10,12
"8","
                
                    
                    
                

                
                    
                    
                        Rowenta City Space Cyclonic RO2727EA - Aspirador sin Bolsa, Cabezal de Alta Eficiencia, Accesorio Boquilla para Ranuras 2 en 1 más Versátil, Cepillo Tapicerías y Boquilla Ranuras Flexible XXL, 78 dB
                    
                

                
                    
                    
                
            ",4.95,1.2,750,164,59.99,47,28.5,30
"9","
                
                    
                    
                

                
                    
                    
                        Aspiradoras Vertical, HIKEREN Aspiradora Escoba Hogar, 12000pa, Aspirador Mano Sin Cable, con Estación de Carga y 4 X Luces LED, 2 Velocidades, Batería de 2500mAh, Lavable Filtro HEPA, 2 Cepillos
                    
                

                
                    
                    
                
            ",3.15,2.34011627906977,571.671101694915,195,89.96,120,24,12
"10","
                
                    
                    
                

                
                    
                    
                        Cecotec Conga Serie 1090 - Robot Aspirador 4 en 1, navegación Inteligente iTech Space, especial mascotas, 5 modos de limpieza
                    
                

                
                    
                    
                
            ",4.6,2.34011627906977,571.671101694915,616,179,49.4565217391304,27.9782608695652,33.7382608695652
"11","
                
                    
                    
                

                
                    
                    
                        Kranich Aspiradora portatil para casa Mano y Vertical aspiradoras Manual sin Bolsa 2 en 1 Limpiador Potente 700W (5m)
                    
                

                
                    
                    
                
            ",1.5,1,700,37,39.99,43,29,17
"12","
                
                    
                    
                

                
                    
                    
                        H.KOENIG UP680 Aspirador Escoba Vertical 2 en 1, Sin Bolsa, Sin Cables, dos Velocidades , Compacto y Ligero, 100 W
                    
                

                
                    
                    
                
            ",1.11,0.8,100,5,99.99,112,23,21
"13","
                
                    
                    
                

                
                    
                    
                        Philips PowerPro Compact FC9331/09 - Aspirador con sistema Ciclonico sin Bolsa, Deposito 1.5 L, Filtro Antialergias, Facil de Limpiar
                    
                

                
                    
                    
                
            ",6.1,1.5,650,77,89.9,28.1,41,24.7
"14","
                
                    
                    
                

                
                    
                    
                        Einhell Aspirador en seco y húmedo TC-VC 1812 S
                    
                

                
                    
                    
                
            ",3.2,2.34011627906977,1250,325,39.95,34,34,37
"15","
                
                    
                    
                

                
                    
                    
                        Polti Forzaspira C110_Plus Aspirador cicónico sin Bolsa, 2 litros Capacidad depósito de Recogida, 800 W, 80 Decibelios, Rojo
                    
                

                
                    
                    
                
            ",5.2,2,800,244,65,28,32,38
"16","
                
                    
                    
                

                
                    
                    
                        Cecotec Conga Serie 990 Excellence - Robot aspirador que friega, con 4 cepillos laterales, 220-240/50 Hz, Negro
                    
                

                
                    
                    
                
            ",4.7,2.34011627906977,571.671101694915,1146,169,49.4565217391304,27.9782608695652,33.7382608695652
"17","
                
                    
                    
                

                
                    
                    
                        Taurus Ultimate Lithium - Aspirador escoba (filtración HEPA, 22.2 V, deposito con 650 ml, filtraje Cyclone System)
                    
                

                
                    
                    
                
            ",2,0.65,571.671101694915,519,99,21.5,22.5,107
"18","
                
                    
                    
                

                
                    
                    
                        Einhell TH-VC 1820 S  -Aspirador seco - húmedo, inox, 180 mbar, 1250 W, 230 V, 80 dB (ref. 2342167)
                    
                

                
                    
                    
                
            ",4.7,2.34011627906977,1250,35,44.9,32.5,32,46
"19","
                
                    
                    
                

                
                    
                    
                        SAMBA ¡Aspirador 2en1! Vertical y de Mano Sin Cable Aspira Pro 21,6V, 8500Pa, Silencioso 68dB, Autonomía hasta 40min, Filtro HEPA, Capacidad 0’8L, Cepillo Motorizado, Luz LED, Estación Carga, 2200mAh
                    
                

                
                    
                    
                
            ",2.57967567567568,0.8,571.671101694915,11,59.9,49.4565217391304,27.9782608695652,33.7382608695652
"20","
                
                    
                    
                

                
                    
                    
                        Aspiradora de Mano, HIKEREN Aspirador Mano Sin Cable, 5000PA, Aspiradoras Hogar Ligera y Potente, con Filtro de Acero Inoxidable, Batería de 2400mAh, 3 Boquillas para Pelos, Liquido, Cocina y Coche
                    
                

                
                    
                    
                
            ",2.57967567567568,2.34011627906977,100,359,39.96,49.4565217391304,27.9782608695652,33.7382608695652
"21","
                
                    
                    
                

                
                    
                    
                        Cecotec EcoExtreme 3000. Aspirador Trineo Sin Bolsa Multi Ciclónico. Capacidad de 3’5L. Filtro HEPA
                    
                

                
                    
                    
                
            ",4.5,3.5,700,266,65.99,41,27,31
"22","
                
                    
                    
                

                
                    
                    
                        Klarstein IVC-30 • Aspirador Industrial • Seco y húmedo • Doble Motor • 1800W • 19,2 kPa • 30L • 80dB • Sin Bolsa • Filtro HEPA • Protección IPX4 • Largo Alcance • Accesorios • Amarillo/metálico
                    
                

                
                    
                    
                
            ",8.93,2.34011627906977,571.671101694915,2,99.99,49.4565217391304,27.9782608695652,33.7382608695652
"23","
                
                    
                    
                

                
                    
                    
                        MLITER Aspirador Escoba con Cable 2 en 1, Aspiradora Gran Succión 14KPa, Aspirador de Mano 12 Accesorios, Aspiradora Hogar Ligera Pelo Mascota, Depósito 800ml, Azul y Blanco
                    
                

                
                    
                    
                
            ",2.37,2.34011627906977,400,21,42.99,23.8,20.2,104.8
"24","
                
                    
                    
                

                
                    
                    
                        Aigostar Dino 30ICP - Aspirador ciclónico sin bolsa, 700 W de potencia, 2 tipos de cepillos incluídos, filtro HEPA, silencioso 76dB. Recogida automática de cable. Color rojo. [Clase A].
                    
                

                
                    
                    
                
            ",5.1,1.8,700,73,52.99,49,28.5,27.5
"25","
                
                    
                    
                

                
                    
                    
                        Cecotec Aspirador Escoba ciclónico 3 en 1 DE Máxima Potencia sin Cables y sin Bolsas. Aspirador de Mano. Batería de Ion-Litio 29,6 V. Brazo articulado. Modo Turbo y Eco. Conga ErgoExtreme 29,6 V
                    
                

                
                    
                    
                
            ",2.7,2.34011627906977,29.6,393,70.17,26,15,115
"26","
                
                    
                    
                

                
                    
                    
                        Cecotec Conga ThunderBrush 520 Aspirador Vertical Y de Mano, Tecnología Ciclónica, Filtro Hepa, Rojo
                    
                

                
                    
                    
                
            ",2.72,2.34011627906977,600,102,33.04,49.4565217391304,27.9782608695652,33.7382608695652
"27","
                
                    
                    
                

                
                    
                    
                        Novohogar Aspirador Hogar Vertical 2 en 1. Aspirador Escoba y de Mano Sin Bolsa Samba Duo Stick Purity. Sistema Doble 1 Filtro; HEPA y 1 Microperforado Lavable. Potente y Silencioso. 800W, 80dB
                    
                

                
                    
                    
                
            ",1.7,0.5,800,98,24.95,49.4565217391304,27.9782608695652,33.7382608695652
"28","
                
                    
                    
                

                
                    
                    
                        Hoover Sprint Evo SE51 - Aspirador sin bolsa con filtro EPA, con accesorio especial para parquet, tecnología ciclónica, 700 W, color rojo
                    
                

                
                    
                    
                
            ",4.1,1.5,700,294,49,26.5,27.5,38.5
"29","
                
                    
                    
                

                
                    
                    
                        H.KOENIG UP680 Aspirador Escoba Vertical 2 en 1, Sin Bolsa, Sin Cables, dos Velocidades , Compacto y Ligero, 100 W
                    
                

                
                    
                    
                
            ",1.11,0.8,100,5,99.99,112,23,21
"30","
                
                    
                    
                

                
                    
                    
                        H.KOENIG UP700 Aspirador Escoba y de Mano 2 en 1 sin Cable y sin Bolsa, 120 W, 2 Velocidades, Hasta 35 Minutos de Autonomía, Ligero, Gris
                    
                

                
                    
                    
                
            ",2.62,2.34011627906977,571.671101694915,139.879120879121,84.0767045454545,49.4565217391304,27.9782608695652,33.7382608695652
"31","
                
                    
                    
                

                
                    
                    
                        Hoover Ultra Vortex MBC500UV - Aspirador de colchones y sofas, con lampara UV para eliminación bacterias, especial alergias, color blanco y rubi
                    
                

                
                    
                    
                
            ",1.95,0.3,20,184,85,26.5,34,18.5
"32","
                
                    
                    
                

                
                    
                    
                        IKOHS NETBOT S15 - Robot Aspirador y Fregasuelos 4 en 1, mapeo navegación Inteligente y App, Barre, aspira, friega y Pasa la mopa, automático Carga, Especial Mascotas, para Suelos Duros y alfombras
                    
                

                
                    
                    
                
            ",3,2.34011627906977,25,53,159.95,33,33,7.5
"33","
                
                    
                    
                

                
                    
                    
                        Aspiradora Vertical 2 en 1, dodocool 15000pa 800W Aspirador Escoba y de Mano sin Bolsa, Filtro HEPA, Deposito con 1.5L [Clase de Eficiencia Energética A+ ]
                    
                

                
                    
                    
                
            ",1.85,1.5,800,100,44.99,60,16.2,12.5
"34","
                
                    
                    
                

                
                    
                    
                        BLACK+DECKER BEBLV300 - Soplador, aspirador y triturador de hojas 3000 W
                    
                

                
                    
                    
                
            ",7.65,2.34011627906977,3000,153,84.0767045454545,58.5,39.5,31
"35","
                
                    
                    
                

                
                    
                    
                        sumgott Aspirador sin Cable 9000Pa Aspiración 2 Velocidades Aspirador Ciclónico Escoba Eléctrica Doméstica,Ultraligera Silenciosa Inalámbrica (Rojo)
                    
                

                
                    
                    
                
            ",3.28,2.34011627906977,120,33,149.99,49.4565217391304,27.9782608695652,33.7382608695652
"36","
                
                    
                    
                

                
                    
                    
                        NILFISK Buddy II 12 Aspirador de Agua, con o sin Bolsa, 1200 W, 12 litros, 74 Decibelios, Azul
                    
                

                
                    
                    
                
            ",7.09,2.34011627906977,1200,41,54.91,47,39,36
"37","
                
                    
                    
                

                
                    
                    
                        Bagotte Robot Aspirador, Potencia de 1500Pa para un Robot de Limpieza, Ultra Delgado(6,9 cm), Silencioso, Carga Automática y Navegación Para Pelos Largos de Animales, Alfombras, Baldosas, Suelos Duros
                    
                

                
                    
                    
                
            ",4.89,2.34011627906977,28,92,197,49.4565217391304,27.9782608695652,33.7382608695652
"38","
                
                    
                    
                

                
                    
                    
                        Cecotec Conga Serie 1290. Robot Aspirador y Fregasuelos 4 en 1; Mapeo con Navegación Inteligente, 7 Modos de Limpieza con MagneticStrip. 3 Niveles de Fregado, Programable
                    
                

                
                    
                    
                
            ",5.72,2.34011627906977,571.671101694915,451,199,49.4565217391304,27.9782608695652,33.7382608695652
"39","
                
                    
                    
                

                
                    
                    
                        H.KOENIG UP600 Aspirador escoba Vertical 2 en 1, sin bolsa, sin cables, dos velocidades , compacto y ligero, 100 W, Accesorios incluidos: soporte de pared cepillo redondo y boquilla plana, color rojo.
                    
                

                
                    
                    
                
            ",1.11,1.1,100,12,89.9,112,21,23
"40","
                
                    
                    
                

                
                    
                    
                        Kranich Aspiradora portatil para casa Mano y Vertical aspiradoras Manual sin Bolsa 2 en 1 Limpiador Potente 700W (5m)
                    
                

                
                    
                    
                
            ",1.5,1,700,37,39.99,43,29,17
"41","
                
                    
                    
                

                
                    
                    
                        Theo Klein-6815 Bosch Aspiradora, Multicolor (Klein 6815)
                    
                

                
                    
                    
                
            ",1.3,2.34011627906977,571.671101694915,8,44.64,36,22.5,20
"42","
                
                    
                    
                

                
                    
                    
                        Holife Aspiradora Escoba, Aspirador Vertical & de Mano 2 en 1 [2019 Nuevo], Potencia de 12Kpa 600W, Aspirador de Pie con 2Filtro HEPA Reutilizable, Clase de Eficiencia Energética A
                    
                

                
                    
                    
                
            ",2.19,2.34011627906977,571.671101694915,7,34.99,49.4565217391304,27.9782608695652,33.7382608695652
"43","
                
                    
                    
                

                
                    
                    
                        VicTsing HMHM174ABEU Homasy V4-Aspiradoras Hogar Escoba 2 En 1, 800Ml, 600 W, 84 Decibelios, Negro
                    
                

                
                    
                    
                
            ",2.15,2.34011627906977,600,147,35.99,49.4565217391304,27.9782608695652,33.7382608695652
"44","
                
                    
                    
                

                
                    
                    
                        Kärcher WD3P  - Aspirador de agua y polvo (1000 W)
                    
                

                
                    
                    
                
            ",5.8,2.34011627906977,1000,11,102.92,38.8,34,50.2
"45","
                
                    
                    
                

                
                    
                    
                        Aspirador Nasal Bebes Electrico Carga USB Aspirador de Nariz con 5 Niveles de Succión y Pantalla LCD para Recién Nacidos,Niños Pequeños y Infantil (Blanco)
                    
                

                
                    
                    
                
            ",2.57967567567568,2.34011627906977,571.671101694915,21,34.99,49.4565217391304,27.9782608695652,33.7382608695652
"46","
                
                    
                    
                

                
                    
                    
                        IKOHS NETBOT S12 - Robot Aspirador 4 en 1 - Barre, aspira, Pasa la mopa y friega el Suelo, navegación Inteligente, Especial Mascotas, automático Carga, para Suelos Duros y alfombras, programable
                    
                

                
                    
                    
                
            ",2.5,2.34011627906977,28,34,119.95,32,32,7.8
"47","
                
                    
                    
                

                
                    
                    
                        Rowenta Air Force Extreme Silence RH8995WO - Aspirador sin cable, sin bolsa, 32.4 V, autonomía 75 min, batería ion litio, cabezal delta LED, cepillo motorizado, 3 velocidades, fácil almacenar
                    
                

                
                    
                    
                
            ",2.57967567567568,2.34011627906977,571.671101694915,72,179,49.4565217391304,27.9782608695652,33.7382608695652
"48","
                
                    
                    
                

                
                    
                    
                        ECO-DE ECO-350 Aspirador Vertical de Escoba, 5 Accesorios Multi Cyclonic, 800w Filtro HEPA, Activ Carbon, Azul/Negro, S
                    
                

                
                    
                    
                
            ",2.57967567567568,2.34011627906977,571.671101694915,119,34.9,49.4565217391304,27.9782608695652,33.7382608695652
"49","
                
                    
                    
                

                
                    
                    
                        H.KOENIG UP680 Aspirador Escoba Vertical 2 en 1, Sin Bolsa, Sin Cables, dos Velocidades , Compacto y Ligero, 100 W
                    
                

                
                    
                    
                
            ",1.11,0.8,100,5,99.99,112,23,21
"50","
                
                    
                    
                

                
                    
                    
                        H.KOENIG UP700 Aspirador Escoba y de Mano 2 en 1 sin Cable y sin Bolsa, 120 W, 2 Velocidades, Hasta 35 Minutos de Autonomía, Ligero, Gris
                    
                

                
                    
                    
                
            ",2.62,2.34011627906977,571.671101694915,139.879120879121,84.0767045454545,49.4565217391304,27.9782608695652,33.7382608695652
"51","
                
                    
                    
                

                
                    
                    
                        Housmile Aspirador sin Cable 7500Pa,Aspirador Escoba 2 en 1 con 2 Modos de Limpieza,Depósito 0.6L-Gris y Violeta
                    
                

                
                    
                    
                
            ",3.2,2.34011627906977,240,67,102.99,49.4565217391304,27.9782608695652,33.7382608695652
"52","
                
                    
                    
                

                
                    
                    
                        Aspiradora Mano, ONEDAY 6 en 1 Aspirador sin Cable sin Bolsa Seco Tecnología Ciclónica Recargable Vacío 40 min Max Técnica de Carga Rápida para Inicio / Coche / Pelo de Mascota etc. [Negro]
                    
                

                
                    
                    
                
            ",1.35,2.34011627906977,80,178,69.99,49.4565217391304,27.9782608695652,33.7382608695652
"53","
                
                    
                    
                

                
                    
                    
                        Einhell GC-EL 2500 E - Aspirador-soplador eléctrico, saco de 40 l, regulador de velocidad, 7000 - 13500 rpm, 2500 W, 230 - 240 V, color negro y rojo (ref. 3433300)
                    
                

                
                    
                    
                
            ",3.15,2.34011627906977,2500,89,34.95,44,19,33.5
"54","
                
                    
                    
                

                
                    
                    
                        Kealive Aspirador Hogar Vertical 2 en 1, Aspiradora Escoba y de Mano con Cable, 15kPa Succión, Filtros HEPA Lavable, Limpiador Vertical de Mano Para Suelos, Escaleras, Alfombras
                    
                

                
                    
                    
                
            ",1.7,0.6,700,26,44.88,110,23.6,19
"55","
                
                    
                    
                

                
                    
                    
                        Bosch BGS5SIL66B Relaxx'x ProSilence - Aspirador sin bolsa silencioso, tecnología SensorBagless, 700 W, autolimpieza de filtro SelfClean, color negro
                    
                

                
                    
                    
                
            ",6.7,3,700,347,205,31,32,47
"56","
                
                    
                    
                

                
                    
                    
                        Rowenta Smart Force Essential Aqua RR6971WH - Robot aspirador 2 en 1, aspira y friega, con sensores anticaída, bateria ión-litio de 150 minutos de autonomía, incluye mando a distancia y base de carga
                    
                

                
                    
                    
                
            ",3.6,0.25,571.671101694915,111,199,49.1,13.3,41.8
"57","
                
                    
                    
                

                
                    
                    
                        Cecotec Conga Serie 1390 - Robot aspirador con mapeo y app, navegación inteligente iTech Gyro, 7 modos de limpieza con muro magnético, 220-240/50 Hz, 58 x 38 x 11 cm
                    
                

                
                    
                    
                
            ",5.5,2.34011627906977,571.671101694915,1888,219,49.4565217391304,27.9782608695652,33.7382608695652
"58","
                
                    
                    
                

                
                    
                    
                        Aspirador De Mano Súper Succión, Carga Ligera y Rápida Aspirador De Coche con Filtro HEPA, Aspiradora De Mano Sin Cable para Hogar/Automóvil, Negro
                    
                

                
                    
                    
                
            ",2.57967567567568,2.34011627906977,571.671101694915,14,49.99,49.4565217391304,27.9782608695652,33.7382608695652
"59","
                
                    
                    
                

                
                    
                    
                        H.KOENIG UP600 Aspirador escoba Vertical 2 en 1, sin bolsa, sin cables, dos velocidades , compacto y ligero, 100 W, Accesorios incluidos: soporte de pared cepillo redondo y boquilla plana, color rojo.
                    
                

                
                    
                    
                
            ",1.11,1.1,100,12,89.9,112,21,23
"60","
                
                    
                    
                

                
                    
                    
                        Kranich Aspiradora portatil para casa Mano y Vertical aspiradoras Manual sin Bolsa 2 en 1 Limpiador Potente 700W (5m)
                    
                

                
                    
                    
                
            ",1.5,1,700,37,39.99,43,29,17
"61","
                
                    
                    
                

                
                    
                    
                        Bagotte I7 Robot Aspirador y Fregasuelos con Tanque de Agua, Aspirar, Barrer y Fregar con Navegación Inteligente, Programable, Carga Automática, para Suelos Duros y Alfombras con Cinta Magnética
                    
                

                
                    
                    
                
            ",5,2.34011627906977,24,155,189,49.4565217391304,27.9782608695652,33.7382608695652
"62","
                
                    
                    
                

                
                    
                    
                        Limpiador de Poros 4 en 1 Limpiador Puntos Negros y Espinillas Electrónico 4 Cabezales 5 Velocidades Potente Extractor Succionador de Poros para Quita Limpia Blackhead Puntos Negros Poros Aspirador
                    
                

                
                    
                    
                
            ",2.57967567567568,2.34011627906977,571.671101694915,112,24.99,49.4565217391304,27.9782608695652,33.7382608695652
"63","
                
                    
                    
                

                
                    
                    
                        Ersa 915670 - Bolsa aspirador sintetica 915670 5un.
                    
                

                
                    
                    
                
            ",2.57967567567568,2.34011627906977,571.671101694915,1,5.59,49.4565217391304,27.9782608695652,33.7382608695652
"64","
                
                    
                    
                

                
                    
                    
                        Aspiradora de Mano Sin Cable, Aspirador de Coche, 120W 6000Pa 2000mAh Aspirador de Mojado y Seco para Casa, Oficina
                    
                

                
                    
                    
                
            ",2.57967567567568,0.5,120,24,39.99,49.4565217391304,27.9782608695652,33.7382608695652
"65","
                
                    
                    
                

                
                    
                    
                        Rowenta Compact Power Morado RO3969EA - Aspirador trineo con bolsa de alta filtración y filtro permanente gran eficiencia, depósito de 3 L, cable de 6.2 m, accesorios de coche para más versatilidad
                    
                

                
                    
                    
                
            ",6.48,3,750,47,85.82,28.1,41.4,23.3
"66","
                
                    
                    
                

                
                    
                    
                        HEIRAO Aspirador de Mano para automóvil, Aspirador seco y Mojado para Autos inalámbricos, Carga por USB, 120W de Alta Potencia, Adecuado para el hogar
                    
                

                
                    
                    
                
            ",2.57967567567568,2.34011627906977,571.671101694915,139.879120879121,84.0767045454545,49.4565217391304,27.9782608695652,33.7382608695652
"67","
                
                    
                    
                

                
                    
                    
                        Rowenta Air Force 360 RH9057WO Aspiradora de mano sin cable, cabezal LED, batería Ion-litio 21.9 V, hasta 30 min, sin bolsa, accesorios para suelos, zonas altas, tapicerías, zonas estrechas
                    
                

                
                    
                    
                
            ",2.8,0.4,571.671101694915,257,181.82,1.1,26,25
"68","
                
                    
                    
                

                
                    
                    
                        TECCPO Soplador de Hojas, Aspirador, Triturador de Eléctrico 3 en 1, Soplador de 3000W con una Velocidad de 210-350 km/h, Interruptor de 2 Velocidades - TABV01G
                    
                

                
                    
                    
                
            ",2.57967567567568,2.34011627906977,571.671101694915,20,51.97,49.4565217391304,27.9782608695652,33.7382608695652
"69","
                
                    
                    
                

                
                    
                    
                        H.KOENIG UP680 Aspirador Escoba Vertical 2 en 1, Sin Bolsa, Sin Cables, dos Velocidades , Compacto y Ligero, 100 W
                    
                

                
                    
                    
                
            ",1.11,0.8,100,5,99.99,112,23,21
"70","
                
                    
                    
                

                
                    
                    
                        Kranich Aspiradora portatil para casa Mano y Vertical aspiradoras Manual sin Bolsa 2 en 1 Limpiador Potente 700W (5m)
                    
                

                
                    
                    
                
            ",1.5,1,700,37,39.99,43,29,17
"71","
                
                    
                    
                

                
                    
                    
                        AmazonBasics - Aspiradora cilíndrica sin bolsa, 2,5  L, 700 W [clase energética A]
                    
                

                
                    
                    
                
            ",6,2.5,700,161,69.99,45.3,33,27.4
"72","
                
                    
                    
                

                
                    
                    
                        My Pet Ez - Aspirador De Pelo Para Mascotas
                    
                

                
                    
                    
                
            ",2.57967567567568,2.34011627906977,571.671101694915,111,84.0767045454545,49.4565217391304,27.9782608695652,33.7382608695652
"73","
                
                    
                    
                

                
                    
                    
                        Aspiradora de Mano,Aspiradora de Mano,Aspirador de Coche Portátil Seco en Seco Portátil 12V 4.5 M Cable de Alimentación con Mini Aspirador
                    
                

                
                    
                    
                
            ",2.57967567567568,2.34011627906977,571.671101694915,139.879120879121,84.0767045454545,49.4565217391304,27.9782608695652,33.7382608695652
"74","
                
                    
                    
                

                
                    
                    
                        TACKLIFE Aspiradora en Seco y Húmedo, 18.9L, Aspiradora Doméstica de 1000 Vatios, HEPA Filtro, 3 en 1 Aspiradora Multifunción, 9 Accesorios, Bolsa de Vacío, Automóvil, PVC01A
                    
                

                
                    
                    
                
            ",6.5,2.34011627906977,571.671101694915,28,39.97,49.4565217391304,27.9782608695652,33.7382608695652
"75","
                
                    
                    
                

                
                    
                    
                        Bosch BBH218LTD Readyy'y 2-in-1 - Aspirador escoba vertical sin cable y de mano, autonomía hasta 40 min, batería Ion-Litio 18V, color marrón chocolate metalizado
                    
                

                
                    
                    
                
            ",3,0.4,240,203,99.3,16.5,26.5,116
"76","
                
                    
                    
                

                
                    
                    
                        Eyugle KK290A Robot aspirador de limpieza patentado aspiradora de suciedad 500pa 3 fases sin pelos polvo y mascotas Vacuum Cleaner limpio silencioso y autoajustable sensor proyecta (rosado)
                    
                

                
                    
                    
                
            ",2.72,2.34011627906977,571.671101694915,86,89.99,49.4565217391304,27.9782608695652,33.7382608695652
"77","
                
                    
                    
                

                
                    
                    
                        Rowenta X-Trem Power RO6963EA - Aspirador ciclónico sin bolsa, depósito 2.5L, boquilla ranuras XXL, cepillo tapicería, mini turbo brush, tubo telescópico, nivel de ruido 75 dB con accesorios
                    
                

                
                    
                    
                
            ",5.1,2.5,750,136,149,28,46,31
"78","
                
                    
                    
                

                
                    
                    
                        FDADJING Aspirador de Aspirador de Aspirador Portátil de Esterilización Doméstica Portátil Aspirador de Manchas de Polvo con Filtro HEPA Azul/Rosa/Blanco
                    
                

                
                    
                    
                
            ",2.57967567567568,2.34011627906977,571.671101694915,139.879120879121,84.0767045454545,49.4565217391304,27.9782608695652,33.7382608695652
"79","
                
                    
                    
                

                
                    
                    
                        H.KOENIG UP600 Aspirador escoba Vertical 2 en 1, sin bolsa, sin cables, dos velocidades , compacto y ligero, 100 W, Accesorios incluidos: soporte de pared cepillo redondo y boquilla plana, color rojo.
                    
                

                
                    
                    
                
            ",1.11,1.1,100,12,89.9,112,21,23
"80","
                
                    
                    
                

                
                    
                    
                        H.KOENIG UP700 Aspirador Escoba y de Mano 2 en 1 sin Cable y sin Bolsa, 120 W, 2 Velocidades, Hasta 35 Minutos de Autonomía, Ligero, Gris
                    
                

                
                    
                    
                
            ",2.62,2.34011627906977,571.671101694915,139.879120879121,84.0767045454545,49.4565217391304,27.9782608695652,33.7382608695652
"81","
                
                    
                    
                

                
                    
                    
                        FDADJING Aspirador de Aspirador de Aspirador Portátil de Esterilización Doméstica Portátil Aspirador de Manchas de Polvo con Filtro HEPA Azul/Rosa/Blanco
                    
                

                
                    
                    
                
            ",2.57967567567568,2.34011627906977,571.671101694915,139.879120879121,84.0767045454545,49.4565217391304,27.9782608695652,33.7382608695652
"82","-1",2.57967567567568,2.34011627906977,571.671101694915,-1,-1,49.4565217391304,27.9782608695652,33.7382608695652
"83","
                
                    
                    
                

                
                    
                    
                        Aspiradora de Mano sin Cable, Aspirador de Coche, 6000PA con Fuerte Succión, Aspira en Húmedo y en Seco, 2 filtros lavables + 2 adaptadores de carga
                    
                

                
                    
                    
                
            ",2.57967567567568,0.6,120,60,42.99,49.4565217391304,27.9782608695652,33.7382608695652
"84","
                
                    
                    
                

                
                    
                    
                        Taurus Unlimited 25.6 Lithium - Aspirador escoba 3 en 1
                    
                

                
                    
                    
                
            ",3.5,2.34011627906977,25.6,540,84.99,64.1,24,16.8
"85","
                
                    
                    
                

                
                    
                    
                        MECO ELEVERDE Aspirador de Teclado Mini Aspiradora Inalámbrica de Mano Recargable Potente sin Cable Seco y Húmedo Limpiador para Polvo/Cabello/Escombros/Café/Laptop/Piano/Asiento del Coche
                    
                

                
                    
                    
                
            ",2.57967567567568,2.34011627906977,571.671101694915,25,24.99,38.5,10.5,8.2
"86","
                
                    
                    
                

                
                    
                    
                        Kärcher Aspiradores multiuso WD 6 P Premium (1.348-270.0)
                    
                

                
                    
                    
                
            ",9.48,30,1300,87,207.45,38,42,67
"87","
                
                    
                    
                

                
                    
                    
                        Numatic Henry HVR200-12- Aspirador con bolsa, color rojo clásico
                    
                

                
                    
                    
                
            ",8.5,9,620,3,185.71,36,34,37
"88","
                
                    
                    
                

                
                    
                    
                        PUPPYOO Aspirador WP526-C, Tecnología Ciclónica Aspirador de Mano sin Bolsas 2 en 1 de Filtro HEPA (600W)
                    
                

                
                    
                    
                
            ",2.9,0.6,600,107,55.99,49.4565217391304,27.9782608695652,33.7382608695652
"89","
                
                    
                    
                

                
                    
                    
                        Kranich Aspiradora portatil para casa Mano y Vertical aspiradoras Manual sin Bolsa 2 en 1 Limpiador Potente 700W (5m)
                    
                

                
                    
                    
                
            ",1.5,1,700,37,39.99,43,29,17
"90","
                
                    
                    
                

                
                    
                    
                        H.KOENIG UP680 Aspirador Escoba Vertical 2 en 1, Sin Bolsa, Sin Cables, dos Velocidades , Compacto y Ligero, 100 W
                    
                

                
                    
                    
                
            ",1.11,0.8,100,5,99.99,112,23,21
"91","
                
                    
                    
                

                
                    
                    
                        Black+Decker PD1200AV Aspirador de Mano para Coche, Ciclónico, Tubo Flexible, Adaptador para Mechero, 12 V, Rojo y Gris
                    
                

                
                    
                    
                
            ",2.57967567567568,2.34011627906977,571.671101694915,151,57.9,49.4565217391304,27.9782608695652,33.7382608695652
"92","
                
                    
                    
                

                
                    
                    
                        Aspirador de Mano sin Cable, Sonoka 5000PA Aspirador de Coche Portátil Inalámbrico 120W con LED Luz, 2200mAh Carga Rapida Batería Recargable, Aspirador de Mojado y Seco para Casa, Coche, Oficina
                    
                

                
                    
                    
                
            ",2.57967567567568,2.34011627906977,571.671101694915,14,28.99,49.4565217391304,27.9782608695652,33.7382608695652
"93","
                
                    
                    
                

                
                    
                    
                        Housmile Robot Aspirador de Limpieza con Sensores Inteligentes,2 Modos de Limpieza para el Pelo de Mascotas, Pisos Duros y Delgado Alfombra Color-Negro
                    
                

                
                    
                    
                
            ",1.8,2.34011627906977,10,76,69.99,49.4565217391304,27.9782608695652,33.7382608695652
"94","
                
                    
                    
                

                
                    
                    
                        Smoby 7600330306 Rowenta Aspirador Silence Force
                    
                

                
                    
                    
                
            ",1.67,2.34011627906977,571.671101694915,139.879120879121,84.0767045454545,36.8,34,62
"95","
                
                    
                    
                

                
                    
                    
                        Bosch BGC05AAA2 GS05 Cleann'n Aspirador sin Bolsa, Diseño Ultra-Compacto, Filtro Hepa H12 Lavable, Cepillo Especial Suelos Delicados, 700 W, 1.5 Litros, 78 Decibeles, Rojo y Negro
                    
                

                
                    
                    
                
            ",4.4,1.5,700,118,96.9,31.4,26.8,38.1
"96","
                
                    
                    
                

                
                    
                    
                        Deik Aspiradora sin Bolsa, Aspiradoras de Trineo, 800W 18Kpa Ciclónico Aspirador Hogar con Nivel 4 de Filtrado, 1,3L, Rango de Trabajo 7,5m, Gris/Rojo
                    
                

                
                    
                    
                
            ",4.3,1.3,800,50,59.98,38,26,30
"97","
                
                    
                    
                

                
                    
                    
                        Aspirador Quirurgico de secreciones portátil aspiración 15 litros
                    
                

                
                    
                    
                
            ",2.57967567567568,2.34011627906977,571.671101694915,3,129,49.4565217391304,27.9782608695652,33.7382608695652
"98","
                
                    
                    
                

                
                    
                    
                        BEAUDENS Mini Robot Aspirador 800 Pa, Enredos para Peinados de Mascotas y Cabellos Largos, Alisado Automático para Pisos de Madera Noble para El Hogar y Alfombras de Pila Baja, Blanco
                    
                

                
                    
                    
                
            ",2,0.2,18,28,79.99,29,29,7.6
"99","
                
                    
                    
                

                
                    
                    
                        H.KOENIG UP600 Aspirador escoba Vertical 2 en 1, sin bolsa, sin cables, dos velocidades , compacto y ligero, 100 W, Accesorios incluidos: soporte de pared cepillo redondo y boquilla plana, color rojo.
                    
                

                
                    
                    
                
            ",1.11,1.1,100,12,89.9,112,21,23
"100","
                
                    
                    
                

                
                    
                    
                        H.KOENIG UP700 Aspirador Escoba y de Mano 2 en 1 sin Cable y sin Bolsa, 120 W, 2 Velocidades, Hasta 35 Minutos de Autonomía, Ligero, Gris
                    
                

                
                    
                    
                
            ",2.62,2.34011627906977,571.671101694915,139.879120879121,84.0767045454545,49.4565217391304,27.9782608695652,33.7382608695652
"101","
                
                    
                    
                

                
                    
                    
                        Bagotte I7 Robot Aspirador y Fregasuelos con Tanque de Agua, Aspirar, Barrer y Fregar con Navegación Inteligente, Programable, Carga Automática, para Suelos Duros y Alfombras con Cinta Magnética
                    
                

                
                    
                    
                
            ",5,2.34011627906977,24,155,189,49.4565217391304,27.9782608695652,33.7382608695652
"102","
                
                    
                    
                

                
                    
                    
                        Aspirador Quirurgico de secreciones portátil aspiración 15 litros
                    
                

                
                    
                    
                
            ",2.57967567567568,2.34011627906977,571.671101694915,3,129,49.4565217391304,27.9782608695652,33.7382608695652
"103","
                
                    
                    
                

                
                    
                    
                        Aspiradores De Mano Soplador Inalámbrico Aspirador Automóvil Cilindro Fuerte Recargable Mini Aspirador Portátil con Carga Rápida Ligero Mojado para El Teclado Pet Office Office Car Cleaning
                    
                

                
                    
                    
                
            ",2.57967567567568,2.34011627906977,571.671101694915,24,49.99,49.4565217391304,27.9782608695652,33.7382608695652
"104","
                
                    
                    
                

                
                    
                    
                        Kärcher WD2 - Aspirador en seco y húmedo, 1000 W, 12 l, versión alemana
                    
                

                
                    
                    
                
            ",4.5,12,1000,73,58.91,36.9,33.7,43
"105","
                
                    
                    
                

                
                    
                    
                        IKOHS Netbot S14 - Robot Aspirador 4 en 1, mapeo y App, navegación Inteligente, Barre, aspira, friega y Pasa la mopa, programable, Especial Mascotas, Suelos Duros y alfombras,5 Modos de Limpieza
                    
                

                
                    
                    
                
            ",3,2.34011627906977,25,32,139.95,33,33,7.5
"106","
                
                    
                    
                

                
                    
                    
                        BISSELL MultiReach ION XL18V Aspiradora vertical con aspirador de mano extraíble 2en1
                    
                

                
                    
                    
                
            ",2.63,0.4,1400,18,174.71,15,25,118
"107","
                
                    
                    
                

                
                    
                    
                        Theo Klein-6815 Bosch Aspiradora, Multicolor (Klein 6815)
                    
                

                
                    
                    
                
            ",1.3,2.34011627906977,571.671101694915,8,44.64,36,22.5,20
"108","
                
                    
                    
                

                
                    
                    
                        SUAOKI Aspirador portátiil de batería Potente, 6.5KPa con Filtro Acero Inoxidable, Tecnología Ciclónica, eficiencia de Limpieza hasta 94%, 22000mAh batería Recargable, 0.5L, Aspirador Coche y hogar
                    
                

                
                    
                    
                
            ",1.6,2.34011627906977,571.671101694915,19,49.99,49.4565217391304,27.9782608695652,33.7382608695652
"109","
                
                    
                    
                

                
                    
                    
                        Kranich Aspiradora portatil para casa Mano y Vertical aspiradoras Manual sin Bolsa 2 en 1 Limpiador Potente 700W (5m)
                    
                

                
                    
                    
                
            ",1.5,1,700,37,39.99,43,29,17
"110","
                
                    
                    
                

                
                    
                    
                        H.KOENIG UP680 Aspirador Escoba Vertical 2 en 1, Sin Bolsa, Sin Cables, dos Velocidades , Compacto y Ligero, 100 W
                    
                

                
                    
                    
                
            ",1.11,0.8,100,5,99.99,112,23,21
"111","
                
                    
                    
                

                
                    
                    
                        Taurus Pulsar Turbo-948 800 Aspirador de Trineo sin bolsa con filtraje multiciclónico, Energy Eco System, Turbocyclone Sytem, 2 litros, Filtro HEPA, 800 W, 78 decibeles, Decibelios
                    
                

                
                    
                    
                
            ",5.5,2,800,228,70.99,43,33,37
"112","
                
                    
                    
                

                
                    
                    
                        Bosch BGS7RCL Relaxx'x Ultimate Aspirador sin Bolsa, Extremadamente silencioso 68 decibelios, 700 W, 3 litros, Azul
                    
                

                
                    
                    
                
            ",2.57967567567568,2.34011627906977,571.671101694915,1,239,49.4565217391304,27.9782608695652,33.7382608695652
"113","
                
                    
                    
                

                
                    
                    
                        Rowenta Compact Power Morado RO3969EA - Aspirador trineo con bolsa de alta filtración y filtro permanente gran eficiencia, depósito de 3 L, cable de 6.2 m, accesorios de coche para más versatilidad
                    
                

                
                    
                    
                
            ",6.48,3,750,47,85.82,28.1,41.4,23.3
"114","
                
                    
                    
                

                
                    
                    
                        TACKLIFE Aspirador Seco-Húmedo, Aspiradora Hogar 1000W, 18.9L de Barril de Metal, 16kPa, Sistema de Filtración de 4 Capas, Tecnología de Boya Segura, Filtro HEPA, Area 32 PVC02A
                    
                

                
                    
                    
                
            ",7.14,2.34011627906977,1000,13,49.97,49.4565217391304,27.9782608695652,33.7382608695652
"115","
                
                    
                    
                

                
                    
                    
                        ILIFE V3s Pro Robot Aspirador de limpieza de hogar Robot, Auto-carga, Diseño para la limpieza de Pelos de Mascota
                    
                

                
                    
                    
                
            ",4.5,2.34011627906977,20,324,139.99,49.4565217391304,27.9782608695652,33.7382608695652
"116","
                
                    
                    
                

                
                    
                    
                        Bosch BBH22041 Readyy’y - Aspirador escoba recargable y aspirador de mano, autonomía hasta 44 min, batería NiMH de 20.4 V, color azul metalizado
                    
                

                
                    
                    
                
            ",3.1,0.3,571.671101694915,52,119,26.5,13.5,116
"117","
                
                    
                    
                

                
                    
                    
                        Vinteky® Elegante y Práctico Aspirador Profesional de mesa para Uñas Manicura Nail Art Reconstrucción Polvo colector de succión para uñas Ideal para esteticistas y en salones de belleza (Blanco)
                    
                

                
                    
                    
                
            ",2.57967567567568,2.34011627906977,571.671101694915,4,21.49,49.4565217391304,27.9782608695652,33.7382608695652
"118","
                
                    
                    
                

                
                    
                    
                        Kärcher MV2 - Aspirador de agua y polvo 1000 W
                    
                

                
                    
                    
                
            ",4.6,12,1000,4,60.9,36.9,33.7,43
"119","
                
                    
                    
                

                
                    
                    
                        H.KOENIG UP600 Aspirador escoba Vertical 2 en 1, sin bolsa, sin cables, dos velocidades , compacto y ligero, 100 W, Accesorios incluidos: soporte de pared cepillo redondo y boquilla plana, color rojo.
                    
                

                
                    
                    
                
            ",1.11,1.1,100,12,89.9,112,21,23
"120","
                
                    
                    
                

                
                    
                    
                        H.KOENIG UP700 Aspirador Escoba y de Mano 2 en 1 sin Cable y sin Bolsa, 120 W, 2 Velocidades, Hasta 35 Minutos de Autonomía, Ligero, Gris
                    
                

                
                    
                    
                
            ",2.62,2.34011627906977,571.671101694915,139.879120879121,84.0767045454545,49.4565217391304,27.9782608695652,33.7382608695652
"121","
                
                    
                    
                

                
                    
                    
                        Numatic Henry HVR200-12- Aspirador con bolsa, color rojo clásico
                    
                

                
                    
                    
                
            ",8.5,9,620,3,185.71,36,34,37
"122","
                
                    
                    
                

                
                    
                    
                        Aspirador De Mano Súper Succión, Carga Ligera y Rápida Aspirador De Coche con Filtro HEPA, Aspiradora De Mano Sin Cable para Hogar/Automóvil, Negro
                    
                

                
                    
                    
                
            ",2.57967567567568,2.34011627906977,571.671101694915,14,49.99,49.4565217391304,27.9782608695652,33.7382608695652
"123","
                
                    
                    
                

                
                    
                    
                        ECOVACS DEEBOT 715 - Robot Aspirador Inteligente, Mapeado Smart Navi 2.0, Modo de succión MÁX, Módulo Intercambiable 2 en 1: Aspira y Friega, Control Mediante App, OTA Update
                    
                

                
                    
                    
                
            ",6.36,2.34011627906977,571.671101694915,17,329.98,32.5,32.5,8.1
"124","
                
                    
                    
                

                
                    
                    
                        Bosch Flexxo BBH32551 Serie 4  - Aspirador escoba recargable 2-en-1, autonomía hasta 55 minutos, 25.2 V, color blanco
                    
                

                
                    
                    
                
            ",3.1,0.4,571.671101694915,53,142,18,26.5,115
"125","
                
                    
                    
                

                
                    
                    
                        Bosch BGC05AAA2 GS05 Cleann'n Aspirador sin Bolsa, Diseño Ultra-Compacto, Filtro Hepa H12 Lavable, Cepillo Especial Suelos Delicados, 700 W, 1.5 Litros, 78 Decibeles, Rojo y Negro
                    
                

                
                    
                    
                
            ",4.4,1.5,700,118,96.9,31.4,26.8,38.1
"126","
                
                    
                    
                

                
                    
                    
                        TECCPO Soplador de Hojas, Aspirador, Triturador de Eléctrico 3 en 1, Soplador de 3000W con una Velocidad de 210-350 km/h, Interruptor de 2 Velocidades - TABV01G
                    
                

                
                    
                    
                
            ",2.57967567567568,2.34011627906977,571.671101694915,20,51.97,49.4565217391304,27.9782608695652,33.7382608695652
"127","
                
                    
                    
                

                
                    
                    
                        proscenic Aspirador Escoba Potente,Eléctrica,Doméstica,sin Bolsa sin Cable 7500Pa, Multiple Funciones con Varios Accesorios,batería Recargable Ion-Litio,Desmontable Ultraligera Silenciosa Inalámbrica
                    
                

                
                    
                    
                
            ",2.5,1,120,111,129,68.9,29,13
"128","
                
                    
                    
                

                
                    
                    
                        Cecotec Conga Immortal Extreme 37 V H2O Plus. Aspirador Vertical 4 en 1. Depósito de Agua con mopa Opcional. Tecnología ciclónica. 70 Minutos de autonomía
                    
                

                
                    
                    
                
            ",4.32,2.34011627906977,571.671101694915,56,112.23,49.4565217391304,27.9782608695652,33.7382608695652
"129","
                
                    
                    
                

                
                    
                    
                        Kranich Aspiradora portatil para casa Mano y Vertical aspiradoras Manual sin Bolsa 2 en 1 Limpiador Potente 700W (5m)
                    
                

                
                    
                    
                
            ",1.5,1,700,37,39.99,43,29,17
"130","
                
                    
                    
                

                
                    
                    
                        H.KOENIG UP680 Aspirador Escoba Vertical 2 en 1, Sin Bolsa, Sin Cables, dos Velocidades , Compacto y Ligero, 100 W
                    
                

                
                    
                    
                
            ",1.11,0.8,100,5,99.99,112,23,21
"131","
                
                    
                    
                

                
                    
                    
                        Limpiador Grava Eléctrica Acuario Filtro Sifón Vacío Bomba de Agua para Acuario Pecera Tanque de Peces El Tanque de Pescado Eléctrico Aspirador Sifón Grava Filtro de Agua de Limpieza Lavadora de Arena
                    
                

                
                    
                    
                
            ",2.57967567567568,2.34011627906977,571.671101694915,56,15.99,49.4565217391304,27.9782608695652,33.7382608695652
"132","
                
                    
                    
                

                
                    
                    
                        Black+Decker PV1200AV Aspirador de Mano  con Cabezal Pivotante para Coche , Ciclónico, 12 V, Capacidad 350 ml, Adaptador para Mechero,  color gris, rojo, transparente
                    
                

                
                    
                    
                
            ",3.7,2.34011627906977,11,38,55.63,36.8,18,15.8
"133","
                
                    
                    
                

                
                    
                    
                        Kärcher Aspirador VC 3 (1.198-125.0)
                    
                

                
                    
                    
                
            ",5.9,0.6,700,73,102,38.8,26.9,33.4
"134","
                
                    
                    
                

                
                    
                    
                        Cecotec C05017 Aspirador CONGA MULTICLONIC, 3.5 litros, 76 Decibelios
                    
                

                
                    
                    
                
            ",6,3.5,850,23,84.0767045454545,49.4565217391304,27.9782608695652,33.7382608695652
"135","
                
                    
                    
                

                
                    
                    
                        Polti SE110 Aspirador Escoba con cable, 1400 W, 33 Decibeles, Aluminio, Plástico, Rojo
                    
                

                
                    
                    
                
            ",3.9,1.3,1400,481,84.0767045454545,17,14,110
"136","
                
                    
                    
                

                
                    
                    
                        SUAOKI Aspirador ciclónico 2 en 1 inalámbrico, 7.5Kpa Aspirador Potente, filtración HEPA, 0.7L depósito de Polvo, 2 Velocidad, con 2200mAh batería Recargable
                    
                

                
                    
                    
                
            ",3.58,0.7,47.52,22,88.99,69.6,29.2,13.6
"137","
                
                    
                    
                

                
                    
                    
                        Aspirador de Mano Potente Sin Cable Aspirador Inalámbrico 6000PA para Casa, Coche, Oficina Sin Bolsa con Seco y Húmedo, Portátil y Ligera, 520ml Depósito , 120W 7.4V, Con Filtro Lavable+3 Boquillas
                    
                

                
                    
                    
                
            ",2.57967567567568,2.34011627906977,120,74,36.99,49.4565217391304,27.9782608695652,33.7382608695652
"138","
                
                    
                    
                

                
                    
                    
                        Aspiradora de Mano Sin Cable, 9000Pa Succión ciclónica 2600mAh 100W 30 Min Aspirador de Mano con flitro HEPA de Metal Permanente de Motor Potente para Mascotas, automóvil, la casa y Exteriores Homtiky
                    
                

                
                    
                    
                
            ",2.57967567567568,0.5,100,53,49.99,39,11.3,13.7
"139","
                
                    
                    
                

                
                    
                    
                        H.KOENIG UP600 Aspirador escoba Vertical 2 en 1, sin bolsa, sin cables, dos velocidades , compacto y ligero, 100 W, Accesorios incluidos: soporte de pared cepillo redondo y boquilla plana, color rojo.
                    
                

                
                    
                    
                
            ",1.11,1.1,100,12,89.9,112,21,23
"140","
                
                    
                    
                

                
                    
                    
                        H.KOENIG UP700 Aspirador Escoba y de Mano 2 en 1 sin Cable y sin Bolsa, 120 W, 2 Velocidades, Hasta 35 Minutos de Autonomía, Ligero, Gris
                    
                

                
                    
                    
                
            ",2.62,2.34011627906977,571.671101694915,139.879120879121,84.0767045454545,49.4565217391304,27.9782608695652,33.7382608695652
"141","
                
                    
                    
                

                
                    
                    
                        Bosch BHN1840L Move Lithium Aspirador, 0.4 litros, Plástico, Azul/gris traslúcido/plata
                    
                

                
                    
                    
                
            ",1.1,1,220,69,65.9,38,11,13.5
"142","
                
                    
                    
                

                
                    
                    
                        EDELWEISS BEAUTY Mesa Plegable, Incluye Aspirador y reposamuñecas (Adecuada para manicura, reconstrucción de uñas y decoración de uñas)
                    
                

                
                    
                    
                
            ",2.57967567567568,2.34011627906977,571.671101694915,1,136,49.4565217391304,27.9782608695652,33.7382608695652
"143","
                
                    
                    
                

                
                    
                    
                        Cecotec Conga Immortal Extreme Aspirador de Mano, 18,4V, para sólidos y líquidos, Tecnología ciclónica, Autonomía de 22 minutos
                    
                

                
                    
                    
                
            ",1.1,0.5,571.671101694915,369,49.99,13,43,14
"144","
                
                    
                    
                

                
                    
                    
                        Cepillo aspirador Air Force Rowenta todos los modelos 25V 24V 18V - RS-RH5697
                    
                

                
                    
                    
                
            ",2.57967567567568,2.34011627906977,571.671101694915,181,39,49.4565217391304,27.9782608695652,33.7382608695652
"145","
                
                    
                    
                

                
                    
                    
                        Bosch BGS7RCL Relaxx'x Ultimate Aspirador sin Bolsa, Extremadamente silencioso 68 decibelios, 700 W, 3 litros, Azul
                    
                

                
                    
                    
                
            ",2.57967567567568,2.34011627906977,571.671101694915,1,239,49.4565217391304,27.9782608695652,33.7382608695652
"146","
                
                    
                    
                

                
                    
                    
                        Aspiradores De Mano Soplador Inalámbrico Aspirador Automóvil Cilindro Fuerte Recargable Mini Aspirador Portátil con Carga Rápida Ligero Mojado para El Teclado Pet Office Office Car Cleaning
                    
                

                
                    
                    
                
            ",2.57967567567568,2.34011627906977,571.671101694915,24,49.99,49.4565217391304,27.9782608695652,33.7382608695652
"147","
                
                    
                    
                

                
                    
                    
                        iRobot Roomba 605- Robot aspirador para suelos duros y alfombras, con tecnología Dirt Detect, sistema de limpieza en 3 fases
                    
                

                
                    
                    
                
            ",3.6,2.34011627906977,33,1112,84.0767045454545,34,34,9.2
"148","
                
                    
                    
                

                
                    
                    
                        TACKLIFE Sopladores de Hojas - Aspirador, Soplador, Triturador, 3000 W, 12000-14500RPM, Bolsa de 45 litros - GBV01B
                    
                

                
                    
                    
                
            ",2.57967567567568,2.34011627906977,571.671101694915,18,48.99,49.4565217391304,27.9782608695652,33.7382608695652
"149","
                
                    
                    
                

                
                    
                    
                        H.KOENIG UP680 Aspirador Escoba Vertical 2 en 1, Sin Bolsa, Sin Cables, dos Velocidades , Compacto y Ligero, 100 W
                    
                

                
                    
                    
                
            ",1.11,0.8,100,5,99.99,112,23,21
"150","
                
                    
                    
                

                
                    
                    
                        H.KOENIG UP700 Aspirador Escoba y de Mano 2 en 1 sin Cable y sin Bolsa, 120 W, 2 Velocidades, Hasta 35 Minutos de Autonomía, Ligero, Gris
                    
                

                
                    
                    
                
            ",2.62,2.34011627906977,571.671101694915,139.879120879121,84.0767045454545,49.4565217391304,27.9782608695652,33.7382608695652
"151","
                
                    
                    
                

                
                    
                    
                        Diggro KK320 Robot Aspirador de Limpieza Patentado Aspirador de Suciedad 900pa 4 Fases Filtro HEPA sin pelos Polvo y Mascotas Vacuum Cleaner Limpio silencioso y autoajustable Sensor proyecta
                    
                

                
                    
                    
                
            ",4.76,2.34011627906977,571.671101694915,17,115.99,49.4565217391304,27.9782608695652,33.7382608695652
"152","-1",2.57967567567568,2.34011627906977,571.671101694915,-1,-1,49.4565217391304,27.9782608695652,33.7382608695652
"153","
                
                    
                    
                

                
                    
                    
                        Bosch UniversalVac 18 - Aspirador (sin batería, sistema de 18 V, en caja)
                    
                

                
                    
                    
                
            ",2.57967567567568,2.34011627906977,571.671101694915,3,69.99,49.4565217391304,27.9782608695652,33.7382608695652
"154","
                
                    
                    
                

                
                    
                    
                        Aspirador Nasal Bebe Electrico, Nariz Cleaner con 5 Niveles de Funcionamiento para Recién Nacidos e Infantes con Carga USB（Última versión）
                    
                

                
                    
                    
                
            ",2.57967567567568,2.34011627906977,571.671101694915,15,35.99,49.4565217391304,27.9782608695652,33.7382608695652
"155","
                
                    
                    
                

                
                    
                    
                        AmazonBasics - Aspiradora de suelo con bolsa, 3L, eficiencia energética A, motor de alta eficiencia
                    
                

                
                    
                    
                
            ",3.81,3,700,21,59.99,42.9,23.9,31
"156","
                
                    
                    
                

                
                    
                    
                        Theo Klein-6742 Vileda Carro De Limpieza Y Aspiradora, Juguete, (6742)
                    
                

                
                    
                    
                
            ",2.4,2.34011627906977,571.671101694915,29,46.25,24,60,29
"157","
                
                    
                    
                

                
                    
                    
                        Aspirador de Mano Portatil Sin Cable Mini para Coche y Hogar 120W 7000PA
                    
                

                
                    
                    
                
            ",1.44,2.34011627906977,120,4,37.99,42,12.5,13
"158","
                
                    
                    
                

                
                    
                    
                        Bikain DI1200INOX - Aspirador de cenizas (1200 W, 20 L, cuba inoxidable) color plata
                    
                

                
                    
                    
                
            ",4.26,2.34011627906977,1200,193,41.95,25,25,30
"159","
                
                    
                    
                

                
                    
                    
                        H.KOENIG UP600 Aspirador escoba Vertical 2 en 1, sin bolsa, sin cables, dos velocidades , compacto y ligero, 100 W, Accesorios incluidos: soporte de pared cepillo redondo y boquilla plana, color rojo.
                    
                

                
                    
                    
                
            ",1.11,1.1,100,12,89.9,112,21,23
"160","
                
                    
                    
                

                
                    
                    
                        Kranich Aspiradora portatil para casa Mano y Vertical aspiradoras Manual sin Bolsa 2 en 1 Limpiador Potente 700W (5m)
                    
                

                
                    
                    
                
            ",1.5,1,700,37,39.99,43,29,17
"161","
                
                    
                    
                

                
                    
                    
                        Bikain DI1200INOX - Aspirador de cenizas (1200 W, 20 L, cuba inoxidable) color plata
                    
                

                
                    
                    
                
            ",4.26,2.34011627906977,1200,193,41.95,25,25,30
"162","
                
                    
                    
                

                
                    
                    
                        AmazonBasics - Aspiradora de suelo con bolsa, 3L, eficiencia energética A, motor de alta eficiencia
                    
                

                
                    
                    
                
            ",3.81,3,700,21,59.99,42.9,23.9,31
"163","
                
                    
                    
                

                
                    
                    
                        Aspiradora de mano, Batería aspirador inalámbrico auto seco y mojado aspiradora para coches Hogar
                    
                

                
                    
                    
                
            ",2.57967567567568,2.34011627906977,571.671101694915,139.879120879121,84.0767045454545,49.4565217391304,27.9782608695652,33.7382608695652
"164","
                
                    
                    
                

                
                    
                    
                        Aspirador de Mano Portatil Sin Cable Mini para Coche y Hogar 120W 7000PA
                    
                

                
                    
                    
                
            ",1.44,2.34011627906977,120,4,37.99,42,12.5,13
"165","
                
                    
                    
                

                
                    
                    
                        Bosch BCH6ZOOO Zoo'o ProAnimal - Aspirador escoba + kit de accesorios ProAnimal (cepillo especial mascotas, tecnología SensorBagless, batería ion-litio de 25,2 V), color rojo
                    
                

                
                    
                    
                
            ",6.2,0.9,400,941,197.54,24,24,73
"166","
                
                    
                    
                

                
                    
                    
                        KARCHER 1.527-150.0 - Aspirador seco Kärcher profesional T 10/1
                    
                

                
                    
                    
                
            ",6,2.34011627906977,1250,139.879120879121,84.0767045454545,35.5,31,38.5
"167","
                
                    
                    
                

                
                    
                    
                        Vileda VR 102 - Robot aspirador de gran autonomía (1h 30 de limpieza continua), para barrer y aspirar en todo tipo de suelos duros y alfombras de pelo corto, 3 modos de limpieza, color blanco y negro
                    
                

                
                    
                    
                
            ",2.75,2.34011627906977,28.47,20,145.89,39.5,40.1,13.4
"168","
                
                    
                    
                

                
                    
                    
                        PowerPlus POWX300 Aspirador de cenizas, 1200 W, 240 V, Negro Amarillo, 20 Litros
                    
                

                
                    
                    
                
            ",3.5,2.34011627906977,1200,215,29.95,28.5,28.5,31
"169","
                
                    
                    
                

                
                    
                    
                        H.KOENIG UP680 Aspirador Escoba Vertical 2 en 1, Sin Bolsa, Sin Cables, dos Velocidades , Compacto y Ligero, 100 W
                    
                

                
                    
                    
                
            ",1.11,0.8,100,5,99.99,112,23,21
"170","
                
                    
                    
                

                
                    
                    
                        H.KOENIG UP700 Aspirador Escoba y de Mano 2 en 1 sin Cable y sin Bolsa, 120 W, 2 Velocidades, Hasta 35 Minutos de Autonomía, Ligero, Gris
                    
                

                
                    
                    
                
            ",2.62,2.34011627906977,571.671101694915,139.879120879121,84.0767045454545,49.4565217391304,27.9782608695652,33.7382608695652
"171","
                
                    
                    
                

                
                    
                    
                        SUMGOTT Aspirador de Coche, 4500PA/90W/12V/2200mAh Aspiradora de Mano sin Cable
                    
                

                
                    
                    
                
            ",2.57967567567568,2.34011627906977,571.671101694915,44,34.99,49.4565217391304,27.9782608695652,33.7382608695652
"172","
                
                    
                    
                

                
                    
                    
                        Taurus Mini Striker - Robot aspirador, 19V, diámetro 23.5 cm, autonomía 75 min, color rojo
                    
                

                
                    
                    
                
            ",1.8,0.3,850,688,89,23.5,23.5,7
"173","
                
                    
                    
                

                
                    
                    
                        Aspirador Teclado MECO Mini Aspirador Inalámbrico de Mano Recargable con Li-batería Aspirador Portátil de Alta Aspiración para Teclado Portátil PC de Escritorio TV Satélite DVD
                    
                

                
                    
                    
                
            ",2.57967567567568,2.34011627906977,571.671101694915,99,25.99,49.4565217391304,27.9782608695652,33.7382608695652
"174","
                
                    
                    
                

                
                    
                    
                        Rowenta Compact Power Cyclonic RO3724EA Aspirador sin bolsa, formato compacto, accesorios para ranuras, eficiente en todo tipo de suelo, filtro ciclónico alta eficiencia, vaciado y limpieza fácil
                    
                

                
                    
                    
                
            ",6.62,1.5,2000,2,92.42,32,29,33.5
"175","
                
                    
                    
                

                
                    
                    
                        Turbo Aspirador Sólidos y Líquidos para Hogar. Aspirador Sin Bolsa Seco y Húmedo de Gran Capacidad y Potencia Regulable. Función Sopladora. 1400W, HEPA y Filtro Agua Lavable
                    
                

                
                    
                    
                
            ",2.57967567567568,2.34011627906977,1400,21,59.95,49.4565217391304,27.9782608695652,33.7382608695652
"176","
                
                    
                    
                

                
                    
                    
                        Hoover Reactiv RC25 - Aspirador trineo sin bolsa con filtro EPA, especial para parquet y mascotas, tecnología ciclónica, 800 W, eficiencia energética A, color rojo
                    
                

                
                    
                    
                
            ",5,2,800,34,99.99,30.7,45,34.8
"177","
                
                    
                    
                

                
                    
                    
                        Vinteky® Elegante y Práctico Aspirador Profesional de mesa para Uñas Manicura Nail Art Reconstrucción Polvo colector de succión para uñas Ideal para esteticistas y en salones de belleza (Blanco)
                    
                

                
                    
                    
                
            ",2.57967567567568,2.34011627906977,571.671101694915,4,21.49,49.4565217391304,27.9782608695652,33.7382608695652
"178","
                
                    
                    
                

                
                    
                    
                        Dyson Aspirador V8, Rojo, 124.6 x 25 x 22.2 cm
                    
                

                
                    
                    
                
            ",2.57967567567568,2.34011627906977,571.671101694915,139.879120879121,84.0767045454545,49.4565217391304,27.9782608695652,33.7382608695652
"179","
                
                    
                    
                

                
                    
                    
                        H.KOENIG UP600 Aspirador escoba Vertical 2 en 1, sin bolsa, sin cables, dos velocidades , compacto y ligero, 100 W, Accesorios incluidos: soporte de pared cepillo redondo y boquilla plana, color rojo.
                    
                

                
                    
                    
                
            ",1.11,1.1,100,12,89.9,112,21,23
"180","
                
                    
                    
                

                
                    
                    
                        Kranich Aspiradora portatil para casa Mano y Vertical aspiradoras Manual sin Bolsa 2 en 1 Limpiador Potente 700W (5m)
                    
                

                
                    
                    
                
            ",1.5,1,700,37,39.99,43,29,17
"181","
                
                    
                    
                

                
                    
                    
                        Aspirador Teclado MECO Mini Aspirador Inalámbrico de Mano Recargable con Li-batería Aspirador Portátil de Alta Aspiración para Teclado Portátil PC de Escritorio TV Satélite DVD
                    
                

                
                    
                    
                
            ",2.57967567567568,2.34011627906977,571.671101694915,99,25.99,49.4565217391304,27.9782608695652,33.7382608695652
"182","
                
                    
                    
                

                
                    
                    
                        TACKLIFE Aspirador Seco-Húmedo, Aspiradora Hogar, 1000W, Función 3 en 1, Sistemas de Filtración HEPA, 2 * 0.4 mTubo de Extensión, 3 Boquillas, 18.9L de Capacidad, Tecnología de Boya Segura PVC01A
                    
                

                
                    
                    
                
            ",6.51,2.34011627906977,1000,57,32.97,49.4565217391304,27.9782608695652,33.7382608695652
"183","
                
                    
                    
                

                
                    
                    
                        Dyson Aspirador V8, Rojo, 124.6 x 25 x 22.2 cm
                    
                

                
                    
                    
                
            ",2.57967567567568,2.34011627906977,571.671101694915,139.879120879121,84.0767045454545,49.4565217391304,27.9782608695652,33.7382608695652
"184","
                
                    
                    
                

                
                    
                    
                        KARCHER 1.527-181.0 - Aspirador seco Kärcher profesional T 7/1 Classic
                    
                

                
                    
                    
                
            ",5.38,2.34011627906977,571.671101694915,5,135.28,39.5,38,32
"185","
                
                    
                    
                

                
                    
                    
                        LONDAFISH El Tanque de Pescado eléctrico Aspirador Sifón operado Grava Filtro de Agua de Limpieza Lavadora de Arena
                    
                

                
                    
                    
                
            ",2.57967567567568,2.34011627906977,571.671101694915,39,17.98,49.4565217391304,27.9782608695652,33.7382608695652
"186","
                
                    
                    
                

                
                    
                    
                        PUPPYOO Multifunción Aspiradora Escoba, Mini Aspirador de Mano Para Hogar, sin Bolssa 800 W
                    
                

                
                    
                    
                
            ",1.5,1.2,800,84,34.99,64.4,18.6,15.6
"187","
                
                    
                    
                

                
                    
                    
                        Stayer 1200D Aspirador de Ceniza, Verde
                    
                

                
                    
                    
                
            ",4.5,2.34011627906977,1200,170,35.95,27,27,41.5
"188","
                
                    
                    
                

                
                    
                    
                        Cecotec Aspirador Escoba y de Mano Conga ThunderBrush 650 ciclónica, Filtro HEPA, Autonomía de 40 min, Cepillo monotorizado, Batería de 22,2 V, Tecnología 360º, Azul
                    
                

                
                    
                    
                
            ",3.74,2.34011627906977,571.671101694915,92,69.9,49.4565217391304,27.9782608695652,33.7382608695652
"189","
                
                    
                    
                

                
                    
                    
                        H.KOENIG UP680 Aspirador Escoba Vertical 2 en 1, Sin Bolsa, Sin Cables, dos Velocidades , Compacto y Ligero, 100 W
                    
                

                
                    
                    
                
            ",1.11,0.8,100,5,99.99,112,23,21
"190","
                
                    
                    
                

                
                    
                    
                        H.KOENIG UP700 Aspirador Escoba y de Mano 2 en 1 sin Cable y sin Bolsa, 120 W, 2 Velocidades, Hasta 35 Minutos de Autonomía, Ligero, Gris
                    
                

                
                    
                    
                
            ",2.62,2.34011627906977,571.671101694915,139.879120879121,84.0767045454545,49.4565217391304,27.9782608695652,33.7382608695652
"191","
                
                    
                    
                

                
                    
                    
                        Rowenta Air Force Power Pro RH8897W0 - Aspirador sin bolsa ciclónico, 32.4 V, autonomía 75 min, batería de litio, cabezal LED y cepillo motorizado, sin cable, 3 potencias ajustables
                    
                

                
                    
                    
                
            ",4.8,0.5,571.671101694915,135,216.87,28.4,25,120
"192","
                
                    
                    
                

                
                    
                    
                        Aspirador anti-bacterias para cama y sofá con rayos UV-A con filtro HEPA
                    
                

                
                    
                    
                
            ",2.57967567567568,2.34011627906977,300,3,42,49.4565217391304,27.9782608695652,33.7382608695652
"193","
                
                    
                    
                

                
                    
                    
                        Rowenta X-Trem Power RO6941EA - Aspirador sin bolsa, sistema ciclónico, depósito con capacidad 2.5 L , cepillo para parquet y ranuras, tubo telescópico para todas las zonas, nivel ruido 75 dB
                    
                

                
                    
                    
                
            ",5.1,2.5,750,29,119,28,46,31
"194","
                
                    
                    
                

                
                    
                    
                        Kärcher Aspiradores multiuso WD 4 Premium (1.348-150.0)
                    
                

                
                    
                    
                
            ",7.5,20,1000,20,122,38.4,36.5,52.6
"195","
                
                    
                    
                

                
                    
                    
                        Dobee Aspirador de Coche, Aspiradora de Mano Sin Cable, Aspirador Inalámbrica de Mano [6.0Kpa 2500mAh, Ciclónica Tech] Aspirador de Mojado y Seco 120W 75db de Poco Ruido Aspirador portátil de Mano
                    
                

                
                    
                    
                
            ",2.57967567567568,2.34011627906977,571.671101694915,13,29.99,49.4565217391304,27.9782608695652,33.7382608695652
"196","
                
                    
                    
                

                
                    
                    
                        BLACK+DECKER GWC3600L20-QW - Soplador, aspirador, triturador 36V, incluye batería litio 2Ah
                    
                

                
                    
                    
                
            ",2.4,2.34011627906977,571.671101694915,32,155,27.6,21.6,51.9
"197","
                
                    
                    
                

                
                    
                    
                        Audew Aspirador Mano Aspirador Sin Cable Seco y Húmedo, Aspirador Inalámbrico Portatil de Coche y Hogar 120W, 2200 mAh, con 3 Cepillos y un HEPA Filtro Lavable, Bolsa de Transporte
                    
                

                
                    
                    
                
            ",2.57967567567568,2.34011627906977,571.671101694915,32,32.99,49.4565217391304,27.9782608695652,33.7382608695652
"198","
                
                    
                    
                

                
                    
                    
                        Teclado de la computadora Mini Aspirador del USB del Ordenador portátil PC de Escritorio Teclado Portátil Limpieza del Polvo del cepilloSunlera
                    
                

                
                    
                    
                
            ",2.57967567567568,2.34011627906977,571.671101694915,1,2.17,49.4565217391304,27.9782608695652,33.7382608695652
"199","
                
                    
                    
                

                
                    
                    
                        H.KOENIG UP600 Aspirador escoba Vertical 2 en 1, sin bolsa, sin cables, dos velocidades , compacto y ligero, 100 W, Accesorios incluidos: soporte de pared cepillo redondo y boquilla plana, color rojo.
                    
                

                
                    
                    
                
            ",1.11,1.1,100,12,89.9,112,21,23
"200","
                
                    
                    
                

                
                    
                    
                        Kranich Aspiradora portatil para casa Mano y Vertical aspiradoras Manual sin Bolsa 2 en 1 Limpiador Potente 700W (5m)
                    
                

                
                    
                    
                
            ",1.5,1,700,37,39.99,43,29,17
